{"cameraMode":{"drawMode":0,"name":"Shaded","section":"Shading Mode"},"sceneLighting":false,"audioPlay":false,"sceneViewState":{"showFog":true,"showMaterialUpdate":false,"showSkybox":false,"showFlares":true,"showImageEffects":true,"showParticleSystems":true},"in2DMode":false,"pivot":{"x":0.7899597883224487,"y":-5.496850490570068,"z":117.51644897460938},"rotation":{"x":-0.10869321972131729,"y":0.005663885269314051,"z":-0.0006185319507494569,"w":-0.9940622448921204},"size":54.231239318847659,"orthographic":false}